step,train_loss,train_mean_token_accuracy,train_error_rate,valid_loss,valid_mean_token_accuracy,valid_error_rate,full_valid_loss,full_valid_mean_token_accuracy,full_valid_error_rate
1,1.610840916633606,0.7271468043327332,,,,,,,
2,1.8311691284179688,0.6764928102493286,,,,,,,
3,1.436270833015442,0.7719101309776306,,,,,,,
4,1.6013084650039673,0.7101556658744812,,,,,,,
5,1.635566234588623,0.7374301552772522,,,,,,,
6,1.4156558513641357,0.772701621055603,,,,,,,
7,1.6209173202514648,0.7100213170051575,,,,,,,
8,1.2433687448501587,0.7705166935920715,,,,,,,
9,1.5982736349105835,0.7139272093772888,,,,,,,
10,1.6272437572479248,0.7285579442977905,,,,,,,
11,1.6869139671325684,0.7178130745887756,,,,,,,
12,1.8918672800064087,0.6587591171264648,,,,,,,
13,1.5291825532913208,0.7418830990791321,,,,,,,
14,1.3599672317504883,0.7581005692481995,,,,,,,
15,1.4019688367843628,0.7536988854408264,,,,,,,
16,1.2386208772659302,0.7826476097106934,,,,,,,
17,1.3807638883590698,0.7422258853912354,,,,,,,
18,1.3348935842514038,0.7434402108192444,,,,,,,
19,2.2170653343200684,0.6454352736473083,,,,,,,
20,1.595478892326355,0.7127403616905212,,,,,,,
21,1.4577300548553467,0.7293814420700073,,,,,,,
22,1.577648639678955,0.7104983925819397,,,,,,,
23,1.1523343324661255,0.7875126004219055,,,,,,,
24,1.1788300275802612,0.7877169847488403,,,,,,,
25,1.5366371870040894,0.7250859141349792,,,,,,,
26,1.032637119293213,0.7864293456077576,,,,,,,
27,0.8605603575706482,0.7972531318664551,,,,,,,
28,1.289131760597229,0.7389659285545349,,,,,,,
29,1.1421502828598022,0.7428896427154541,,,,,,,
30,0.6346480846405029,0.8564693331718445,,,,,,,
31,0.8758427500724792,0.7946860194206238,,,,,,,
32,0.8497900366783142,0.8052757978439331,,,,,,,
33,0.8660151362419128,0.8061016798019409,,,,,,,
34,0.9877885580062866,0.7671568393707275,,,,,,,
35,1.2360315322875977,0.7233766317367554,,,,,,,
36,1.1180187463760376,0.7560712099075317,,,,,,,
37,1.2532495260238647,0.7197777032852173,,,,,,,
38,1.1036782264709473,0.7287065982818604,,,,,,,
39,0.9020034670829773,0.7681415677070618,,,,,,,
40,0.8994284868240356,0.7702834606170654,,,,,,,
41,0.7870684862136841,0.8093259334564209,,,,,,,
42,1.1089999675750732,0.7331480383872986,,,,,,,
43,0.880341112613678,0.7949609160423279,,,,,,,
44,0.8282351493835449,0.7872983813285828,,,,,,,
45,0.7565096616744995,0.8258620500564575,,,,,,,
46,0.8332062363624573,0.7808641791343689,,,,,,,
47,0.799482524394989,0.7956167459487915,,,,,,,
48,0.5282173752784729,0.8611220121383667,,,,,,,
49,1.0270096063613892,0.7755376100540161,,,,,,,
50,0.9696167707443237,0.7634173035621643,,,,,,,
51,0.7550821304321289,0.8123725652694702,,,,,,,
52,0.7918817400932312,0.789264440536499,,,,,,,
53,1.1331632137298584,0.750994861125946,,,,,,,
54,0.6679897904396057,0.824999988079071,,,,,,,
55,0.9576597809791565,0.7677724957466125,,,,,,,
56,0.8318971991539001,0.7925823926925659,,,,,,,
57,0.8244884014129639,0.791414737701416,,,,,,,
58,0.7175171971321106,0.8139229416847229,,,,,,,
59,0.7379027009010315,0.8009708523750305,,,,,,,
60,0.7396317720413208,0.8025718331336975,,,,,,,
61,0.9223518967628479,0.7807044386863708,,,,,,,
62,1.138578176498413,0.7322834730148315,,,,,,,
63,0.9007505774497986,0.7739816308021545,,,,,,,
64,0.8990367650985718,0.7681159377098083,,,,,,,
65,0.9178441166877747,0.7893432378768921,,,,,,,
66,0.6902977228164673,0.8159700632095337,,,,,,,
67,0.9540863037109375,0.7697756886482239,,,,,,,
68,0.8065840601921082,0.7895277142524719,,,,,,,
69,0.9054123759269714,0.7680981755256653,,,,,,,
70,1.541089415550232,0.6975228190422058,,,,,,,
71,0.6520916223526001,0.8073592782020569,,,,,,,
72,1.0785717964172363,0.742096483707428,,,,,,,
73,0.6507011651992798,0.8237650394439697,,,,,,,
74,0.5787615180015564,0.8364779949188232,,,,,,,
75,0.8433776497840881,0.7836134433746338,,,,,,,
76,0.41948288679122925,0.8889965415000916,,,,,,,
77,0.7780365943908691,0.8164763450622559,,,,,,,
78,0.8417076468467712,0.8011204600334167,,,,,,,
79,0.7707487940788269,0.807134211063385,,,,,,,
80,0.7053046226501465,0.8095577955245972,,,,,,,
81,1.0383234024047852,0.7669724822044373,,,,,,,
82,0.7567758560180664,0.8174123167991638,,,,,,,
83,0.8688284754753113,0.783446729183197,,,,,,,
84,0.9661643505096436,0.7366071343421936,,,,,,,
85,0.7546373009681702,0.8096129894256592,,,,,,,
86,1.0412979125976562,0.7465753555297852,,,,,,,
87,0.7650036811828613,0.7997698783874512,,,,,,,
88,0.6285606622695923,0.8450276255607605,,,,,,,
89,0.5921340584754944,0.823293149471283,,,,,,,
90,0.6504363417625427,0.8360323905944824,,,,,,,
91,1.46284019947052,0.6726552844047546,,,,,,,
92,0.5892631411552429,0.8403361439704895,,,,,,,
93,0.7409793138504028,0.7993177771568298,,,,,,,
94,0.6964178681373596,0.8256880640983582,,,,,,,
95,0.9078543782234192,0.7590460777282715,,,,,,,
96,0.9765991568565369,0.7702871561050415,,,,,,,
97,0.5863985419273376,0.8452602028846741,,,,,,,
98,0.9546193480491638,0.7756345272064209,,,,,,,
99,3.3107287883758545,0.3587392568588257,,,,,,,
100,0.8922512531280518,0.781731903553009,,0.9402494707842994,0.7812895069532237,,,,
101,0.7970560193061829,0.7931873202323914,,,,,,,
102,0.9297196269035339,0.759365975856781,,,,,,,
103,0.8913423418998718,0.7866948246955872,,,,,,,
104,0.8413081765174866,0.7852534651756287,,,,,,,
105,0.5931315422058105,0.8484848737716675,,,,,,,
106,0.7093318104743958,0.8118343353271484,,,,,,,
107,0.769450306892395,0.7902097702026367,,,,,,,
108,0.9246208071708679,0.7573349475860596,,,,,,,
109,0.7098549008369446,0.8028558492660522,,,,,,,
110,0.6753207445144653,0.8270833492279053,,,,,,,
111,0.8558822274208069,0.7895622849464417,,,,,,,
112,0.7502211332321167,0.8037974834442139,,,,,,,
113,0.6094187498092651,0.8412256240844727,,,,,,,
114,0.38138628005981445,0.900100588798523,,,,,,,
115,0.610453188419342,0.8361111283302307,,,,,,,
116,0.8598850965499878,0.7796609997749329,,,,,,,
117,0.876609742641449,0.7877569198608398,,,,,,,
118,1.105526089668274,0.7559652924537659,,,,,,,
119,0.6194881200790405,0.8433029651641846,,,,,,,
120,0.5252478718757629,0.8627858757972717,,,,,,,
121,0.6544588208198547,0.8228325247764587,,,,,,,
122,0.6717097759246826,0.820130467414856,,,,,,,
123,0.41708463430404663,0.8883891105651855,,,,,,,
124,0.7388712763786316,0.7971124649047852,,,,,,,
125,1.3431410789489746,0.6824512481689453,,,,,,,
126,0.9593446850776672,0.780032753944397,,,,,,,
127,0.7047448754310608,0.827740490436554,,,,,,,
128,0.5771962404251099,0.8287620544433594,,,,,,,
129,0.6892150044441223,0.8201099634170532,,,,,,,
130,0.7163732051849365,0.8161911368370056,,,,,,,
131,0.9901964068412781,0.7517831921577454,,,,,,,
132,0.8328882455825806,0.7988505959510803,,,,,,,
133,0.7614870071411133,0.8077232241630554,,,,,,,
134,0.7927713990211487,0.7960687875747681,,,,,,,
135,0.750495195388794,0.7972325682640076,,,,,,,
136,0.5146774649620056,0.8394886255264282,,,,,,,
137,0.4815789759159088,0.8754340410232544,,,,,,,
138,0.6104682683944702,0.836624801158905,,,,,,,
139,0.7998230457305908,0.7825261354446411,,,,,,,
140,0.7005835175514221,0.8192862272262573,,,,,,,
141,0.6629338264465332,0.8165910840034485,,,,,,,
142,0.6803650259971619,0.8242598176002502,,,,,,,
143,0.6960799098014832,0.8243953585624695,,,,,,,
144,0.7218459248542786,0.8079673051834106,,,,,,,
145,0.835953414440155,0.7909654378890991,,,,,,,
146,0.6148888468742371,0.8304042220115662,,,,,,,
147,0.8832347393035889,0.7753623127937317,,,,,,,
148,0.8107268810272217,0.7823129296302795,,,,,,,
149,0.6232728362083435,0.8202502727508545,,,,,,,
150,0.48391056060791016,0.8608010411262512,,,,,,,
151,0.5417273044586182,0.8564757108688354,,,,,,,
152,0.6035842299461365,0.8372655510902405,,,,,,,
153,0.5202050805091858,0.8457943797111511,,,,,,,
154,0.5588184595108032,0.846049964427948,,,,,,,
155,0.5094822645187378,0.8502715229988098,,,,,,,
156,0.5900294780731201,0.8448540568351746,,,,,,,
157,0.7160476446151733,0.8222550749778748,,,,,,,
158,0.8599529266357422,0.7852852940559387,,,,,,,
159,1.5334643125534058,0.6735562086105347,,,,,,,
160,0.8394299745559692,0.7926018238067627,,,,,,,
161,0.667853057384491,0.8301158547401428,,,,,,,
162,0.8854866623878479,0.7615112066268921,,,,,,,
163,0.9643392562866211,0.7633426785469055,,,,,,,
164,0.6845153570175171,0.8165137767791748,,,,,,,
165,0.5363469123840332,0.8524590134620667,,,,,,,
166,0.8685802221298218,0.7828947305679321,,,,,,,
167,0.5205612778663635,0.8394607901573181,,,,,,,
168,0.5523368716239929,0.841650664806366,,,,,,,
169,0.7294431328773499,0.8152753114700317,,,,,,,
170,0.6048104763031006,0.8491889238357544,,,,,,,
171,0.8793503642082214,0.8011049628257751,,,,,,,
172,0.5881242752075195,0.8462585210800171,,,,,,,
173,0.8183571100234985,0.802890956401825,,,,,,,
174,0.8936229348182678,0.7756833434104919,,,,,,,
175,0.7160000205039978,0.8191268444061279,,,,,,,
176,0.5424692034721375,0.8506281971931458,,,,,,,
177,0.8334835171699524,0.7938021421432495,,,,,,,
178,0.5905982255935669,0.8167456388473511,,,,,,,
179,0.9615306258201599,0.7794928550720215,,,,,,,
180,0.6142132878303528,0.8348115086555481,,,,,,,
181,0.693535327911377,0.8138833045959473,,,,,,,
182,0.6923056244850159,0.8055077195167542,,,,,,,
183,0.6560256481170654,0.8136752247810364,,,,,,,
184,0.8163616061210632,0.7838044166564941,,,,,,,
185,0.6403121948242188,0.8288614749908447,,,,,,,
186,0.8340532183647156,0.7990959286689758,,,,,,,
187,0.8994976282119751,0.7644068002700806,,,,,,,
188,0.5920462608337402,0.8326771855354309,,,,,,,
189,0.45345503091812134,0.8773424029350281,,,,,,,
190,1.0539710521697998,0.7068965435028076,,,,,,,
191,0.5114063620567322,0.8750796914100647,,,,,,,
192,0.8898802399635315,0.776652455329895,,,,,,,
193,0.8043481707572937,0.7878788113594055,,,,,,,
194,0.6021770238876343,0.8476190567016602,,,,,,,
195,0.4787082374095917,0.8727704882621765,,,,,,,
196,0.43926766514778137,0.8880553841590881,,,,,,,
197,0.5458388328552246,0.8464849591255188,,,,,,,
198,0.44501566886901855,0.8833333253860474,,,,,,,
199,0.4419955909252167,0.8796352744102478,,,,,,,
200,0.7062493562698364,0.8133047223091125,,0.480141485463018,0.8655072463768116,,,,
201,0.639850378036499,0.8384419083595276,,,,,,,
202,1.4551408290863037,0.7017640471458435,,,,,,,
203,0.45550835132598877,0.875,,,,,,,
204,0.7343433499336243,0.8220402002334595,,,,,,,
205,0.7274624705314636,0.8248987793922424,,,,,,,
206,0.8323059678077698,0.79210364818573,,,,,,,
207,0.6256822347640991,0.8354740142822266,,,,,,,
208,0.7933856844902039,0.7987561225891113,,,,,,,
209,0.5543866753578186,0.8506944179534912,,,,,,,
210,0.6705345511436462,0.81639564037323,,,,,,,
211,0.8991453647613525,0.7830561995506287,,,,,,,
212,0.6395113468170166,0.834645688533783,,,,,,,
213,0.6956741213798523,0.8048016428947449,,,,,,,
214,0.6011718511581421,0.8395378589630127,,,,,,,
215,0.6013386249542236,0.8367829918861389,,,,,,,
216,0.43120521306991577,0.8865979313850403,,,,,,,
217,0.7340779304504395,0.8127071857452393,,,,,,,
218,0.495409220457077,0.8802488446235657,,,,,,,
219,0.563206672668457,0.854938268661499,,,,,,,
220,0.5822917222976685,0.8570483326911926,,,,,,,
221,0.5835503935813904,0.8287373185157776,,,,,,,
222,0.6683019995689392,0.8224776387214661,,,,,,,
223,0.7628393769264221,0.823798656463623,,,,,,,
224,0.5520252585411072,0.8401570320129395,,,,,,,
225,0.6876853704452515,0.8028962016105652,,,,,,,
226,0.9587065577507019,0.7837281227111816,,,,,,,
227,0.6921308636665344,0.8199381828308105,,,,,,,
228,0.7390304803848267,0.820397675037384,,,,,,,
229,0.5958043932914734,0.8551667928695679,,,,,,,
230,0.452775239944458,0.8745570778846741,,,,,,,
231,0.6624917387962341,0.8202009797096252,,,,,,,
232,0.40958014130592346,0.8978965878486633,,,,,,,
233,0.8550242781639099,0.8050000071525574,,,,,,,
234,0.816498339176178,0.7958446145057678,,,,,,,
235,0.7673173546791077,0.785431981086731,,,,,,,
236,0.9546363353729248,0.7876543402671814,,,,,,,
237,1.0245299339294434,0.7549818754196167,,,,,,,
238,0.7566545009613037,0.8062157034873962,,,,,,,
239,0.9953569769859314,0.7659297585487366,,,,,,,
240,0.5247951745986938,0.8592132329940796,,,,,,,
241,0.7291862368583679,0.7856377363204956,,,,,,,
242,0.6500728130340576,0.8358687162399292,,,,,,,
243,0.6366909742355347,0.8280575275421143,,,,,,,
244,0.5133855938911438,0.8532028198242188,,,,,,,
245,0.669013500213623,0.8324942588806152,,,,,,,
246,0.8831661939620972,0.8034188151359558,,,,,,,
247,0.37656450271606445,0.8887711763381958,,,,,,,
248,0.6675453782081604,0.8266351222991943,,,,,,,
249,0.5947988629341125,0.8314987421035767,,,,,,,
250,0.5363943576812744,0.8518072366714478,,,,,,,
251,0.5416834950447083,0.8516445159912109,,,,,,,
252,0.5179493427276611,0.8567056059837341,,,,,,,
253,0.5697465538978577,0.8559321761131287,,,,,,,
254,0.6966743469238281,0.8231827020645142,,,,,,,
255,0.5149341821670532,0.840940535068512,,,,,,,
256,0.8069748282432556,0.80033278465271,,,,,,,
257,0.4643576443195343,0.8722057938575745,,,,,,,
258,0.8477100133895874,0.7772276997566223,,,,,,,
259,0.628123939037323,0.8304182291030884,,,,,,,
260,0.7579360604286194,0.80826735496521,,,,,,,
261,0.4694124162197113,0.8666666746139526,,,,,,,
262,0.589007556438446,0.8405994772911072,,,,,,,
263,0.6816433668136597,0.8097385168075562,,,,,,,
264,0.5638044476509094,0.8523908257484436,,,,,,,
265,0.28707313537597656,0.9344732761383057,,,,,,,
266,0.6897189617156982,0.823280394077301,,,,,,,
267,0.9283843636512756,0.8010278940200806,,,,,,,
268,0.6025931239128113,0.8538487553596497,,,,,,,
269,0.8943682909011841,0.7778865098953247,,,,,,,
270,0.665915310382843,0.8216159343719482,,,,,,,
271,0.428174763917923,0.8737704753875732,,,,,,,
272,0.7900257706642151,0.7907173037528992,,,,,,,
273,0.6656848788261414,0.8175487518310547,,,,,,,
274,0.42894017696380615,0.8864926099777222,,,,,,,
275,0.5273493528366089,0.862840473651886,,,,,,,
276,0.562822163105011,0.8592092394828796,,,,,,,
277,0.5923846960067749,0.8361729979515076,,,,,,,
278,0.5646066665649414,0.8486841917037964,,,,,,,
279,1.1268997192382812,0.7483221292495728,,,,,,,
280,0.5836473703384399,0.8356741666793823,,,,,,,
281,0.7804527878761292,0.7947883009910583,,,,,,,
282,0.5417469143867493,0.8590164184570312,,,,,,,
283,0.17816956341266632,0.9564253091812134,,,,,,,
284,0.6184414029121399,0.833114743232727,,,,,,,
285,0.5355129837989807,0.8542009592056274,,,,,,,
286,0.5279262065887451,0.854733407497406,,,,,,,
287,0.41942697763442993,0.8878134489059448,,,,,,,
288,0.7949859499931335,0.7991374135017395,,,,,,,
289,0.7422695755958557,0.794762909412384,,,,,,,
290,0.7030590772628784,0.8107752799987793,,,,,,,
291,0.63746577501297,0.8307552337646484,,,,,,,
292,0.7683740854263306,0.8098591566085815,,,,,,,
293,0.7988693714141846,0.7923572659492493,,,,,,,
294,0.96995609998703,0.7860727906227112,,,,,,,
295,0.48939815163612366,0.8752146363258362,,,,,,,
296,0.9208301901817322,0.7599033713340759,,,,,,,
297,0.5988017916679382,0.8386076092720032,,,,,,,
298,0.781319260597229,0.8071847558021545,,,,,,,
299,0.7325987815856934,0.8153846263885498,,,,,,,
300,0.5340750813484192,0.8561219573020935,,0.5082351987587614,0.8694232861806311,,,,
301,0.4633518159389496,0.870192289352417,,,,,,,
302,3.0695929527282715,0.4141116738319397,,,,,,,
303,0.5902575850486755,0.8578274846076965,,,,,,,
304,0.5060104727745056,0.8678303956985474,,,,,,,
305,0.5243266820907593,0.8586156368255615,,,,,,,
306,0.7715205550193787,0.8098827600479126,,,,,,,
307,1.2925053834915161,0.6790909171104431,,,,,,,
308,0.8092303276062012,0.8008185625076294,,,,,,,
309,0.6966865658760071,0.8259979486465454,,,,,,,
310,1.2323498725891113,0.7213114500045776,,,,,,,
311,0.7210004329681396,0.7803347110748291,,,,,,,
312,0.5275281071662903,0.8553686141967773,,,,,,,
313,1.0948048830032349,0.7614770531654358,,,,,,,
314,0.7399716973304749,0.8133515119552612,,,,,,,
315,0.38477110862731934,0.8967828154563904,,,,,,,
316,0.6110718846321106,0.8506348133087158,,,,,,,
317,0.8061311841011047,0.8116016387939453,,,,,,,
318,0.7093188166618347,0.818311870098114,,,,,,,
319,0.4064454138278961,0.8835078477859497,,,,,,,
320,0.5560901165008545,0.8427172303199768,,,,,,,
321,0.7752808928489685,0.7933962345123291,,,,,,,
322,0.48811987042427063,0.8778307437896729,,,,,,,
323,0.5680738687515259,0.8430004119873047,,,,,,,
324,0.6021834015846252,0.8380566835403442,,,,,,,
325,0.5441934466362,0.8573692440986633,,,,,,,
326,0.6250285506248474,0.837837815284729,,,,,,,
327,0.5098415017127991,0.8655097484588623,,,,,,,
328,0.8487464785575867,0.7907854914665222,,,,,,,
329,0.6196186542510986,0.8313502073287964,,,,,,,
330,1.0268560647964478,0.752293586730957,,,,,,,
331,0.48295384645462036,0.865375280380249,,,,,,,
332,0.40665990114212036,0.8841893076896667,,,,,,,
333,0.5814576148986816,0.8465160131454468,,,,,,,
334,0.8276113271713257,0.7908101677894592,,,,,,,
335,0.6349523663520813,0.8371454477310181,,,,,,,
336,0.4654701054096222,0.8782278895378113,,,,,,,
337,0.21232491731643677,0.942182183265686,,,,,,,
338,0.6840012669563293,0.8219069838523865,,,,,,,
339,0.6988329291343689,0.8313180208206177,,,,,,,
340,0.49470019340515137,0.8544914722442627,,,,,,,
341,0.7620676159858704,0.8069883584976196,,,,,,,
342,0.9523687958717346,0.8108493685722351,,,,,,,
343,0.3630662262439728,0.8994205594062805,,,,,,,
344,0.6335834264755249,0.8302245736122131,,,,,,,
345,0.6418807506561279,0.8277512192726135,,,,,,,
346,0.9155870676040649,0.7526403665542603,,,,,,,
347,0.5526145696640015,0.84108966588974,,,,,,,
348,0.5896039605140686,0.855182945728302,,,,,,,
349,0.7920374870300293,0.8020133972167969,,,,,,,
350,0.5786362290382385,0.8475398421287537,,,,,,,
351,0.7096434235572815,0.8357798457145691,,,,,,,
352,0.518896222114563,0.8483732342720032,,,,,,,
353,0.7038381099700928,0.8291139006614685,,,,,,,
354,0.6683595180511475,0.8379606008529663,,,,,,,
355,0.3747829496860504,0.8892921805381775,,,,,,,
356,0.1063496544957161,0.9721226692199707,,,,,,,
357,0.8756223320960999,0.7683923840522766,,,,,,,
358,0.6485608816146851,0.8300589323043823,,,,,,,
359,0.6806032061576843,0.8254858255386353,,,,,,,
360,0.6325951218605042,0.8271262049674988,,,,,,,
361,0.0639759823679924,0.980614960193634,,,,,,,
362,0.5017536282539368,0.8720152974128723,,,,,,,
363,0.7389295101165771,0.810602605342865,,,,,,,
364,0.40869390964508057,0.8909175992012024,,,,,,,
365,0.473205029964447,0.8714285492897034,,,,,,,
366,0.4856187403202057,0.8644304871559143,,,,,,,
367,0.6435906887054443,0.8214654326438904,,,,,,,
368,0.6701793074607849,0.832065224647522,,,,,,,
369,0.5213697552680969,0.8702141642570496,,,,,,,
370,0.7357558012008667,0.8154213428497314,,,,,,,
371,1.090606689453125,0.7402234673500061,,,,,,,
372,0.5373054146766663,0.8555691838264465,,,,,,,
373,0.6923449635505676,0.8043676018714905,,,,,,,
374,0.7121410965919495,0.8181062936782837,,,,,,,
375,0.6312353014945984,0.8545845150947571,,,,,,,
376,2.7749929428100586,0.44676098227500916,,,,,,,
377,0.6370651721954346,0.8317326307296753,,,,,,,
378,0.6456137895584106,0.8339768052101135,,,,,,,
379,0.6177265644073486,0.8275862336158752,,,,,,,
380,0.7582805156707764,0.7850799560546875,,,,,,,
381,0.6064275503158569,0.843104898929596,,,,,,,
382,0.6380366086959839,0.8455970883369446,,,,,,,
383,0.6499000787734985,0.8273757696151733,,,,,,,
384,0.7433533072471619,0.8090507984161377,,,,,,,
385,0.45628830790519714,0.8755739331245422,,,,,,,
386,0.28383487462997437,0.9224476218223572,,,,,,,
387,0.7130380272865295,0.8166090250015259,,,,,,,
388,0.781043291091919,0.8029678463935852,,,,,,,
389,0.8959670066833496,0.7810526490211487,,,,,,,
390,0.495918869972229,0.8801571726799011,,,,,,,
391,0.8089221119880676,0.7945635318756104,,,,,,,
392,0.6075990796089172,0.8363711833953857,,,,,,,
393,0.6564455032348633,0.8269817233085632,,,,,,,
394,0.5540542006492615,0.8569444417953491,,,,,,,
395,0.7060872316360474,0.8142004013061523,,,,,,,
396,0.745947003364563,0.8148381114006042,,,,,,,
397,0.6429128646850586,0.8287858366966248,,,,,,,
398,1.0128066539764404,0.7642174959182739,,,,,,,
399,1.6884130239486694,0.6994256377220154,,,,,,,
400,0.6458996534347534,0.8275355100631714,,0.6592030851382774,0.8241042345276873,,,,
401,0.5970984697341919,0.8413391709327698,,,,,,,
402,0.5537347793579102,0.8585723638534546,,,,,,,
403,0.7602712512016296,0.8081067204475403,,,,,,,
404,0.6632347106933594,0.8476821184158325,,,,,,,
405,0.5889729261398315,0.8374539613723755,,,,,,,
406,0.5372152924537659,0.840549111366272,,,,,,,
407,0.6219419240951538,0.8293963074684143,,,,,,,
408,0.5366677045822144,0.8599663376808167,,,,,,,
409,0.5651766061782837,0.8561601042747498,,,,,,,
410,0.48291173577308655,0.8632534146308899,,,,,,,
411,0.6161229610443115,0.8429906368255615,,,,,,,
412,0.7046695947647095,0.8126118183135986,,,,,,,
413,0.5648179054260254,0.8437978625297546,,,,,,,
414,0.8071941137313843,0.7838699221611023,,,,,,,
415,0.4139101505279541,0.8878327012062073,,,,,,,
416,0.8691211342811584,0.790450930595398,,,,,,,
417,0.4600875973701477,0.8672164678573608,,,,,,,
418,0.436368852853775,0.8717105388641357,,,,,,,
419,0.8137126564979553,0.7967782020568848,,,,,,,
420,0.8052006959915161,0.7672551870346069,,,,,,,
421,0.8323092460632324,0.7849355936050415,,,,,,,
422,0.3798374831676483,0.8863157629966736,,,,,,,
423,1.1889009475708008,0.7390457391738892,,,,,,,
424,0.8288924098014832,0.7845876812934875,,,,,,,
425,0.7117252945899963,0.8177991509437561,,,,,,,
426,0.7699939608573914,0.7932011485099792,,,,,,,
427,0.7043235898017883,0.800936758518219,,,,,,,
428,0.563325047492981,0.8471636176109314,,,,,,,
429,1.1871144771575928,0.7355191111564636,,,,,,,
430,0.7158711552619934,0.8198353052139282,,,,,,,
431,0.6919311881065369,0.8225667476654053,,,,,,,
432,0.8890970945358276,0.7796791195869446,,,,,,,
433,0.5585152506828308,0.8632326722145081,,,,,,,
434,0.5838444828987122,0.8535170555114746,,,,,,,
435,0.4853263199329376,0.8591639995574951,,,,,,,
436,0.5362712740898132,0.8545966148376465,,,,,,,
437,0.5317079424858093,0.8541458249092102,,,,,,,
438,0.49002769589424133,0.8617886304855347,,,,,,,
439,1.0519180297851562,0.786725640296936,,,,,,,
440,0.6055879592895508,0.8287385106086731,,,,,,,
441,0.5766266584396362,0.8436425924301147,,,,,,,
442,0.619162917137146,0.8370960354804993,,,,,,,
443,0.6470604538917542,0.8299999833106995,,,,,,,
444,2.1316022872924805,0.5438016653060913,,,,,,,
445,0.476441353559494,0.8656957745552063,,,,,,,
446,0.739507794380188,0.8170425891876221,,,,,,,
447,0.9041352868080139,0.7887930870056152,,,,,,,
448,0.5682014226913452,0.8520146608352661,,,,,,,
449,0.6898928284645081,0.8269720077514648,,,,,,,
450,0.6355865597724915,0.8321400284767151,,,,,,,
451,0.6473428606987,0.8286808729171753,,,,,,,
452,0.6648887395858765,0.8299359083175659,,,,,,,
453,0.6957077383995056,0.8220859169960022,,,,,,,
454,0.43816617131233215,0.8803669810295105,,,,,,,
455,0.443447083234787,0.886455774307251,,,,,,,
456,0.5266432762145996,0.8508522510528564,,,,,,,
457,0.7462686896324158,0.8388349413871765,,,,,,,
458,1.3067476749420166,0.704852819442749,,,,,,,
459,0.5474046468734741,0.8559653162956238,,,,,,,
460,0.7658675909042358,0.8150503635406494,,,,,,,
461,0.517820417881012,0.8805522322654724,,,,,,,
462,0.566685140132904,0.8523255586624146,,,,,,,
463,0.450164794921875,0.8862069249153137,,,,,,,
464,0.8014435768127441,0.7892255783081055,,,,,,,
465,0.6803088188171387,0.8311068415641785,,,,,,,
466,0.7721120119094849,0.8005319237709045,,,,,,,
467,0.74425208568573,0.808809757232666,,,,,,,
468,0.8242565393447876,0.7869012951850891,,,,,,,
469,0.5321388840675354,0.8478260636329651,,,,,,,
470,0.6572785973548889,0.8481481671333313,,,,,,,
471,0.6955163478851318,0.8087965846061707,,,,,,,
472,0.7495642900466919,0.8087248206138611,,,,,,,
473,0.6924835443496704,0.8159204125404358,,,,,,,
474,0.6200865507125854,0.8393470644950867,,,,,,,
475,0.6277538537979126,0.8265306353569031,,,,,,,
476,0.7805218696594238,0.8001812696456909,,,,,,,
477,0.9313362836837769,0.7771911025047302,,,,,,,
478,0.845900297164917,0.7964253425598145,,,,,,,
479,0.6000332832336426,0.8415816426277161,,,,,,,
480,1.7950092554092407,0.6259055733680725,,,,,,,
481,0.7644016146659851,0.7950065732002258,,,,,,,
482,0.46835821866989136,0.8805237412452698,,,,,,,
483,0.68473881483078,0.8207650184631348,,,,,,,
484,0.694784939289093,0.8112475872039795,,,,,,,
485,0.6393254399299622,0.8314256072044373,,,,,,,
486,0.7661384344100952,0.8105781078338623,,,,,,,
487,0.7072474956512451,0.82014000415802,,,,,,,
488,0.6022948026657104,0.8467742204666138,,,,,,,
489,0.5366351008415222,0.861025333404541,,,,,,,
490,0.9130058288574219,0.7670632600784302,,,,,,,
491,0.8390749096870422,0.8107653260231018,,,,,,,
492,0.6089447140693665,0.8371133804321289,,,,,,,
493,0.48831450939178467,0.8690476417541504,,,,,,,
494,0.8133457899093628,0.779904305934906,,,,,,,
495,0.5394858121871948,0.8519938588142395,,,,,,,
496,0.4310111701488495,0.8835470080375671,,,,,,,
497,0.682623028755188,0.8216039538383484,,,,,,,
498,0.6972640156745911,0.8183139562606812,,,,,,,
499,0.7087967991828918,0.8311036825180054,,,,,,,
500,0.701701283454895,0.8274428248405457,,0.4075110809147707,0.8760233918128655,,,,
501,0.4705735743045807,0.8630751967430115,,,,,,,
502,0.634174108505249,0.8347653746604919,,,,,,,
503,0.599114716053009,0.8441385626792908,,,,,,,
504,0.5925959348678589,0.8499336242675781,,,,,,,
505,0.5780352354049683,0.8422806262969971,,,,,,,
506,0.7143977284431458,0.824435293674469,,,,,,,
507,0.7215883731842041,0.8180555701255798,,,,,,,
508,0.8483237028121948,0.7888888716697693,,,,,,,
509,0.6082584261894226,0.85161292552948,,,,,,,
510,1.094759464263916,0.7605633735656738,,,,,,,
511,0.9773402214050293,0.8028037548065186,,,,,,,
512,0.5395981669425964,0.8492008447647095,,,,,0.6143654446415894,0.8415351014040562,
513,0.705109715461731,0.8203266859054565,,,,,,,
514,0.6065457463264465,0.8328424096107483,,,,,,,
515,0.42916810512542725,0.8757455348968506,,,,,,,
516,0.6865990161895752,0.8291721343994141,,,,,,,
517,0.7513955235481262,0.8271604776382446,,,,,,,
518,0.47353294491767883,0.8687546849250793,,,,,,,
519,0.6600618362426758,0.8238213658332825,,,,,,,
520,0.6803573369979858,0.8327796459197998,,,,,,,
521,0.10496114939451218,0.9705571532249451,,,,,,,
522,0.8583326935768127,0.7837643623352051,,,,,,,
523,0.6196039915084839,0.8292682766914368,,,,,,,
524,0.3683498203754425,0.8982300758361816,,,,,,,
525,0.6704546809196472,0.8207705020904541,,,,,,,
526,0.6385766267776489,0.8340649604797363,,,,,,,
527,0.5545737147331238,0.8460366129875183,,,,,,,
528,0.3246920704841614,0.9086294174194336,,,,,,,
529,0.7275471091270447,0.8106915354728699,,,,,,,
530,0.5203903913497925,0.8573406934738159,,,,,,,
531,0.42211395502090454,0.8803030252456665,,,,,,,
532,2.36004376411438,0.5216450095176697,,,,,,,
533,0.4969204366207123,0.863095223903656,,,,,,,
534,0.6170029640197754,0.8479970097541809,,,,,,,
535,0.4991716742515564,0.8546546697616577,,,,,,,
536,0.5142428874969482,0.8632326722145081,,,,,,,
537,0.7461192011833191,0.8161845207214355,,,,,,,
538,0.5634406208992004,0.8283972144126892,,,,,,,
539,0.6933466196060181,0.8154917359352112,,,,,,,
540,0.552012026309967,0.851171612739563,,,,,,,
541,0.9168043732643127,0.77320796251297,,,,,,,
542,0.5430279970169067,0.8464223146438599,,,,,,,
543,0.846889078617096,0.7976284623146057,,,,,,,
544,0.27436837553977966,0.9102132320404053,,,,,,,
545,0.48395800590515137,0.8612686991691589,,,,,,,
546,0.9596262574195862,0.7674418687820435,,,,,,,
547,0.5199154019355774,0.857876718044281,,,,,,,
548,0.5140897035598755,0.8584287762641907,,,,,,,
549,0.6482300758361816,0.8429985642433167,,,,,,,
550,0.6162652373313904,0.8263695240020752,,,,,,,
551,0.6269495487213135,0.8486806750297546,,,,,,,
552,0.3640419542789459,0.8891258239746094,,,,,,,
553,0.7187046408653259,0.8281938433647156,,,,,,,
554,0.42900189757347107,0.88165682554245,,,,,,,
555,0.4468844532966614,0.8764821887016296,,,,,,,
556,0.578108549118042,0.8379120826721191,,,,,,,
557,0.709822952747345,0.8024844527244568,,,,,,,
558,0.5744455456733704,0.8569926619529724,,,,,,,
559,0.6530599594116211,0.8101123571395874,,,,,,,
560,0.5471979379653931,0.8564899563789368,,,,,,,
561,0.5481780767440796,0.8515358567237854,,,,,,,
562,1.034787893295288,0.7426108121871948,,,,,,,
563,0.5763353109359741,0.8521682024002075,,,,,,,
564,0.5562514662742615,0.8602620363235474,,,,,,,
565,0.5196897983551025,0.8478500843048096,,,,,,,
566,0.727677583694458,0.8008882403373718,,,,,,,
567,0.7599782943725586,0.8157894611358643,,,,,,,
568,0.7877362370491028,0.789763331413269,,,,,,,
569,0.548799991607666,0.8668981194496155,,,,,,,
570,0.5036486387252808,0.8666666746139526,,,,,,,
571,0.5353333353996277,0.8621118068695068,,,,,,,
572,0.5801900625228882,0.8501269817352295,,,,,,,
573,0.7168927788734436,0.8054892420768738,,,,,,,
574,0.6080195903778076,0.8529411554336548,,,,,,,
575,0.5619373917579651,0.84375,,,,,,,
576,0.5517715811729431,0.8581610918045044,,,,,,,
577,0.6956154704093933,0.8069679737091064,,,,,,,
578,0.5116978287696838,0.8540372848510742,,,,,,,
579,0.45602449774742126,0.8745519518852234,,,,,,,
580,0.3836231827735901,0.8976234197616577,,,,,,,
581,0.5486083030700684,0.8465228080749512,,,,,,,
582,0.6353302001953125,0.8383620977401733,,,,,,,
583,0.48350265622138977,0.8614163398742676,,,,,,,
584,0.6680713891983032,0.8230215907096863,,,,,,,
585,0.6716665029525757,0.8094195127487183,,,,,,,
586,0.41807568073272705,0.8882265090942383,,,,,,,
587,0.7294849157333374,0.7852494716644287,,,,,,,
588,0.6026902198791504,0.8317972421646118,,,,,,,
589,0.4967016875743866,0.8644457459449768,,,,,,,
590,0.742567241191864,0.8062044978141785,,,,,,,
591,0.6348763704299927,0.8306288123130798,,,,,,,
592,0.9044288396835327,0.8089887499809265,,,,,,,
593,0.3812442719936371,0.8993414640426636,,,,,,,
594,0.7341234683990479,0.8279069662094116,,,,,,,
595,0.576911211013794,0.8330965638160706,,,,,,,
596,0.46792036294937134,0.8643006086349487,,,,,,,
597,0.5417671799659729,0.8495177030563354,,,,,,,
598,0.6543276906013489,0.8297706842422485,,,,,,,
599,0.36088669300079346,0.8962025046348572,,,,,,,
600,0.5020636320114136,0.8689655065536499,,0.5490109692349958,0.8624401913875598,,,,
601,0.3897630572319031,0.8948717713356018,,,,,,,
602,0.6211098432540894,0.8397976160049438,,,,,,,
603,0.6049578189849854,0.8348045349121094,,,,,,,
604,0.701121985912323,0.831377387046814,,,,,,,
605,0.40455707907676697,0.8807448744773865,,,,,,,
606,0.2835823893547058,0.9185969829559326,,,,,,,
607,0.7628318667411804,0.8011472225189209,,,,,,,
608,0.6237316727638245,0.8472012281417847,,,,,,,
609,0.5092925429344177,0.8668596148490906,,,,,,,
610,1.3688578605651855,0.6930006742477417,,,,,,,
611,0.7481617331504822,0.8172147274017334,,,,,,,
612,0.6200920343399048,0.8520859479904175,,,,,,,
613,0.4390578269958496,0.8726752400398254,,,,,,,
614,0.562183141708374,0.8564742803573608,,,,,,,
615,0.7958906292915344,0.8145240545272827,,,,,,,
616,0.6081653237342834,0.8438016772270203,,,,,,,
617,0.494380921125412,0.8670998215675354,,,,,,,
618,0.4915507435798645,0.8676806092262268,,,,,,,
619,0.42360860109329224,0.8775079250335693,,,,,,,
620,0.7579822540283203,0.8159540891647339,,,,,,,
621,0.4020627439022064,0.8961937427520752,,,,,,,
622,0.8799379467964172,0.8032388687133789,,,,,,,
623,0.38081008195877075,0.896391749382019,,,,,,,
624,0.6463500261306763,0.8252184987068176,,,,,,,
625,0.3547937273979187,0.8840262293815613,,,,,,,
626,0.8450216054916382,0.7869063019752502,,,,,,,
627,0.5174027681350708,0.8630806803703308,,,,,,,
628,0.44531887769699097,0.8820872902870178,,,,,,,
629,0.1983194202184677,0.948024332523346,,,,,,,
630,0.5855062007904053,0.8608414530754089,,,,,,,
631,0.680770218372345,0.8255033493041992,,,,,,,
632,0.595586359500885,0.8321976065635681,,,,,,,
633,0.8135710954666138,0.7786127328872681,,,,,,,
634,0.5362340211868286,0.8597913980484009,,,,,,,
635,0.6090412735939026,0.8374612927436829,,,,,,,
636,0.7387411594390869,0.8139534592628479,,,,,,,
637,1.7067546844482422,0.6742738485336304,,,,,,,
638,0.5042012929916382,0.8673355579376221,,,,,,,
639,0.47152653336524963,0.8662864565849304,,,,,,,
640,0.6858826875686646,0.8015646934509277,,,,,,,
641,0.7042105197906494,0.8293082118034363,,,,,,,
642,0.46990153193473816,0.8643781542778015,,,,,,,
643,0.6199600696563721,0.8485273718833923,,,,,,,
644,0.517357587814331,0.8683229684829712,,,,,,,
645,0.5145482420921326,0.8738049864768982,,,,,,,
646,0.5564528107643127,0.8616904616355896,,,,,,,
647,0.49042314291000366,0.8635097742080688,,,,,,,
648,0.6012503504753113,0.8424657583236694,,,,,,,
649,0.11020852625370026,0.9722638726234436,,,,,,,
650,0.34567689895629883,0.8975563645362854,,,,,,,
651,0.6508728265762329,0.8318332433700562,,,,,,,
652,0.487819641828537,0.8634978532791138,,,,,,,
653,0.6272433996200562,0.8428465723991394,,,,,,,
654,0.7166633009910583,0.8292814493179321,,,,,,,
655,0.5817252993583679,0.8397365808486938,,,,,,,
656,0.3765857219696045,0.8973647952079773,,,,,,,
657,0.40823811292648315,0.8899676203727722,,,,,,,
658,1.187008261680603,0.7662632465362549,,,,,,,
659,0.4755474030971527,0.8693563938140869,,,,,,,
660,0.6706308126449585,0.8313368558883667,,,,,,,
661,0.7381322979927063,0.828125,,,,,,,
662,0.8224900364875793,0.7837370038032532,,,,,,,
663,0.7514677047729492,0.8264462947845459,,,,,,,
664,0.4272461235523224,0.8746355772018433,,,,,,,
665,0.40148359537124634,0.8891786336898804,,,,,,,
666,0.7278552055358887,0.838394820690155,,,,,,,
667,0.5086432099342346,0.8661137223243713,,,,,,,
668,0.700890064239502,0.8161993622779846,,,,,,,
669,0.5806254744529724,0.8483105897903442,,,,,,,
670,0.6420923471450806,0.8344051241874695,,,,,,,
671,0.48637083172798157,0.8684210777282715,,,,,,,
672,0.39817923307418823,0.9028037190437317,,,,,,,
673,0.3939383625984192,0.8945267796516418,,,,,,,
674,0.6523575186729431,0.8365671634674072,,,,,,,
675,0.7625483870506287,0.8099071383476257,,,,,,,
676,0.5742394328117371,0.843308687210083,,,,,,,
677,0.5289835333824158,0.8546674251556396,,,,,,,
678,0.45109155774116516,0.8704468607902527,,,,,,,
679,0.46259716153144836,0.863136887550354,,,,,,,
680,0.39144209027290344,0.9017425179481506,,,,,,,
681,0.4641988277435303,0.865217387676239,,,,,,,
682,1.1999784708023071,0.7324973940849304,,,,,,,
683,0.8234732151031494,0.7821782231330872,,,,,,,
684,0.544825553894043,0.8483891487121582,,,,,,,
685,0.5375736355781555,0.8527442812919617,,,,,,,
686,0.6840400695800781,0.8098859190940857,,,,,,,
687,0.5253950953483582,0.8572797179222107,,,,,,,
688,0.4857317805290222,0.8688085675239563,,,,,,,
689,0.7126391530036926,0.8147416710853577,,,,,,,
690,0.6349582672119141,0.8116883039474487,,,,,,,
691,0.43006235361099243,0.8875314593315125,,,,,,,
692,0.550981879234314,0.859649121761322,,,,,,,
693,0.34282049536705017,0.9129902124404907,,,,,,,
694,0.5870506763458252,0.8499820828437805,,,,,,,
695,0.5170601010322571,0.8603351712226868,,,,,,,
696,0.8441216945648193,0.796407163143158,,,,,,,
697,0.5990656018257141,0.8456260561943054,,,,,,,
698,0.3161413371562958,0.9154341816902161,,,,,,,
699,0.5360419750213623,0.8560924530029297,,,,,,,
700,0.5025378465652466,0.8801652789115906,,0.48179470023723564,0.8666666666666667,,,,
701,0.3110232651233673,0.9035486578941345,,,,,,,
702,0.3772793114185333,0.8935824632644653,,,,,,,
703,0.533894956111908,0.8746618628501892,,,,,,,
704,0.5316084027290344,0.8663468360900879,,,,,,,
705,0.5067924857139587,0.8683127760887146,,,,,,,
706,0.6563431620597839,0.8292555809020996,,,,,,,
707,0.5146017670631409,0.8692777156829834,,,,,,,
708,0.4169563055038452,0.8810531497001648,,,,,,,
709,0.6413171887397766,0.8379513025283813,,,,,,,
710,0.9603416323661804,0.769961953163147,,,,,,,
711,0.5898147821426392,0.8439897894859314,,,,,,,
712,0.4934866428375244,0.8654940724372864,,,,,,,
713,0.6512526869773865,0.8376579880714417,,,,,,,
714,0.5886165499687195,0.8502415418624878,,,,,,,
715,0.7667590379714966,0.8081263899803162,,,,,,,
716,0.5391857624053955,0.8545299768447876,,,,,,,
717,0.4410869777202606,0.8751885294914246,,,,,,,
718,0.5232551693916321,0.8510182499885559,,,,,,,
719,0.6140530705451965,0.8444924354553223,,,,,,,
720,0.49481436610221863,0.8708609342575073,,,,,,,
721,0.5563448667526245,0.8550119400024414,,,,,,,
722,0.4563595652580261,0.8788061738014221,,,,,,,
723,0.7031804323196411,0.818345308303833,,,,,,,
724,0.5008771419525146,0.8624667525291443,,,,,,,
725,0.35696902871131897,0.9051269888877869,,,,,,,
726,0.5908070802688599,0.8338108658790588,,,,,,,
727,0.6753079891204834,0.8415478467941284,,,,,,,
728,0.40374916791915894,0.9016189575195312,,,,,,,
729,0.5860055685043335,0.8576874136924744,,,,,,,
730,0.5339424014091492,0.8568702340126038,,,,,,,
731,0.4807780385017395,0.8644428849220276,,,,,,,
732,0.5896619558334351,0.8385416865348816,,,,,,,
733,0.15910564363002777,0.9534631967544556,,,,,,,
734,0.4798824191093445,0.8757333159446716,,,,,,,
735,0.5273415446281433,0.8611364364624023,,,,,,,
736,0.4897887110710144,0.8714859485626221,,,,,,,
737,1.5056869983673096,0.6824175715446472,,,,,,,
738,0.3770025968551636,0.9014232754707336,,,,,,,
739,0.5552706122398376,0.8486666679382324,,,,,,,
740,0.48302552103996277,0.8721506595611572,,,,,,,
741,0.7421493530273438,0.8302752375602722,,,,,,,
742,0.7292548418045044,0.805077075958252,,,,,,,
743,0.388710618019104,0.891771674156189,,,,,,,
744,0.5942010879516602,0.8387776613235474,,,,,,,
745,0.4362350106239319,0.8889541625976562,,,,,,,
746,0.625913143157959,0.8377193212509155,,,,,,,
747,0.5880054831504822,0.8480856418609619,,,,,,,
748,0.5143120884895325,0.8721704483032227,,,,,,,
749,0.31348973512649536,0.9140625,,,,,,,
750,0.6873228549957275,0.8099510669708252,,,,,,,
751,0.529227614402771,0.8620408177375793,,,,,,,
752,0.5648976564407349,0.8598409295082092,,,,,,,
753,0.7444566488265991,0.8006826043128967,,,,,,,
754,0.920315682888031,0.7629083395004272,,,,,,,
755,0.5536606907844543,0.8476821184158325,,,,,,,
756,1.2434982061386108,0.7290249466896057,,,,,,,
757,0.5099058151245117,0.8658707737922668,,,,,,,
758,0.555981457233429,0.8489025235176086,,,,,,,
759,0.42854583263397217,0.8865910768508911,,,,,,,
760,0.6182680726051331,0.8317200541496277,,,,,,,
761,1.091396689414978,0.7481481432914734,,,,,,,
762,0.4923686981201172,0.8567591905593872,,,,,,,
763,0.5611444711685181,0.8587257862091064,,,,,,,
764,0.6124906539916992,0.844660222530365,,,,,,,
765,0.3483269214630127,0.8993576169013977,,,,,,,
766,0.5650136470794678,0.8467289805412292,,,,,,,
767,0.6891963481903076,0.8141091465950012,,,,,,,
768,0.3744591176509857,0.8915745615959167,,,,,,,
769,0.4789382815361023,0.8691384792327881,,,,,,,
770,0.7228960990905762,0.8155909180641174,,,,,,,
771,0.9034047722816467,0.7931034564971924,,,,,,,
772,0.37204959988594055,0.9007589221000671,,,,,,,
773,0.5187055468559265,0.8614925146102905,,,,,,,
774,0.4819958209991455,0.8749266266822815,,,,,,,
775,0.701781153678894,0.8458197712898254,,,,,,,
776,0.5427454710006714,0.8668367266654968,,,,,,,
777,0.6945134401321411,0.8263183236122131,,,,,,,
778,0.6771653890609741,0.826600968837738,,,,,,,
779,0.9064408540725708,0.7590027451515198,,,,,,,
780,0.5708169341087341,0.8653350472450256,,,,,,,
781,0.8210022449493408,0.7947548627853394,,,,,,,
782,0.5097727179527283,0.8627545833587646,,,,,,,
783,0.8227108716964722,0.8031995296478271,,,,,,,
784,0.666203498840332,0.8379026651382446,,,,,,,
785,0.5923766493797302,0.8366235494613647,,,,,,,
786,0.3807656466960907,0.8982528448104858,,,,,,,
787,0.5926772952079773,0.8522530198097229,,,,,,,
788,0.685405433177948,0.8307307958602905,,,,,,,
789,0.5858888030052185,0.8658536672592163,,,,,,,
790,0.48045289516448975,0.8662207126617432,,,,,,,
791,0.389140248298645,0.8907446265220642,,,,,,,
792,0.7459542155265808,0.7869198322296143,,,,,,,
793,0.7393866777420044,0.8026509284973145,,,,,,,
794,0.6941738724708557,0.8228346705436707,,,,,,,
795,0.5578205585479736,0.8601503968238831,,,,,,,
796,0.4480579197406769,0.8750776648521423,,,,,,,
797,0.3654364049434662,0.8985005617141724,,,,,,,
798,0.660220205783844,0.8315252065658569,,,,,,,
799,0.5743086934089661,0.8447332382202148,,,,,,,
800,3.0969629287719727,0.3948339521884918,,0.6647752954026139,0.8231939163498099,,,,
801,0.43623054027557373,0.8743961453437805,,,,,,,
802,0.644477903842926,0.8434829115867615,,,,,,,
803,1.0216881036758423,0.7808970808982849,,,,,,,
804,0.5040103197097778,0.8634538054466248,,,,,,,
805,0.3196903169155121,0.9046546816825867,,,,,,,
806,0.38456103205680847,0.9069767594337463,,,,,,,
807,0.4126252233982086,0.8817891478538513,,,,,,,
808,0.496859610080719,0.8676056265830994,,,,,,,
809,0.6993268728256226,0.8186376690864563,,,,,,,
810,0.5599539279937744,0.8482829332351685,,,,,,,
811,0.49271389842033386,0.8479427695274353,,,,,,,
812,0.5741533637046814,0.8366336822509766,,,,,,,
813,0.4680655896663666,0.8746006488800049,,,,,,,
814,0.7982620000839233,0.8191729187965393,,,,,,,
815,0.5562944412231445,0.8636363744735718,,,,,,,
816,0.6580693125724792,0.8233106136322021,,,,,,,
817,0.6343619227409363,0.8386666774749756,,,,,,,
818,0.42648887634277344,0.8801619410514832,,,,,,,
819,0.4519071578979492,0.8792486786842346,,,,,,,
820,0.6072760224342346,0.8411458134651184,,,,,,,
821,0.4067174196243286,0.8922155499458313,,,,,,,
822,0.7529436945915222,0.8090241551399231,,,,,,,
823,0.6263146996498108,0.8206572532653809,,,,,,,
824,0.663631796836853,0.8247053027153015,,,,,,,
825,0.5428924560546875,0.8526946306228638,,,,,,,
826,0.5352367758750916,0.8507386445999146,,,,,,,
827,0.6327835917472839,0.8358326554298401,,,,,,,
828,0.5758970975875854,0.8343283534049988,,,,,,,
829,0.5142633318901062,0.8561961650848389,,,,,,,
830,0.5183571577072144,0.864814817905426,,,,,,,
831,0.6076529026031494,0.8472636938095093,,,,,,,
832,0.5185418128967285,0.8577680587768555,,,,,,,
833,0.6629251837730408,0.8193581700325012,,,,,,,
834,0.5585818886756897,0.8663003444671631,,,,,,,
835,0.6267805695533752,0.8244680762290955,,,,,,,
836,0.6487472653388977,0.8251879811286926,,,,,,,
837,1.5457206964492798,0.6596502661705017,,,,,,,
838,0.4695776700973511,0.8611764907836914,,,,,,,
839,0.6889888048171997,0.8205822706222534,,,,,,,
840,0.35899800062179565,0.9084561467170715,,,,,,,
841,0.7293809056282043,0.8234723806381226,,,,,,,
842,0.4430425465106964,0.8908348083496094,,,,,,,
843,0.48685672879219055,0.8725728392601013,,,,,,,
844,0.6489226818084717,0.8368421196937561,,,,,,,
845,0.8408958911895752,0.8013126254081726,,,,,,,
846,0.5145056247711182,0.8610478639602661,,,,,,,
847,0.6252723336219788,0.8330532312393188,,,,,,,
848,0.5285542011260986,0.8540410399436951,,,,,,,
849,0.6868568658828735,0.8500000238418579,,,,,,,
850,0.773110568523407,0.8291431665420532,,,,,,,
851,0.4076216220855713,0.8899082541465759,,,,,,,
852,0.6263466477394104,0.8473748564720154,,,,,,,
853,0.42595162987709045,0.8801313638687134,,,,,,,
854,0.09014417976140976,0.9756065011024475,,,,,,,
855,0.5745700001716614,0.8411428332328796,,,,,,,
856,0.4751400947570801,0.8659139275550842,,,,,,,
857,0.3836933970451355,0.9008438587188721,,,,,,,
858,0.4369303584098816,0.8828729391098022,,,,,,,
859,0.6346752643585205,0.8319225907325745,,,,,,,
860,0.5957908630371094,0.8352402448654175,,,,,,,
861,0.619342029094696,0.837195098400116,,,,,,,
862,0.5772436857223511,0.855606734752655,,,,,,,
863,0.294170081615448,0.9174496531486511,,,,,,,
864,0.45768609642982483,0.8809794783592224,,,,,,,
865,0.7726791501045227,0.8063111901283264,,,,,,,
866,0.4024299383163452,0.876335859298706,,,,,,,
867,0.5668039917945862,0.8413566946983337,,,,,,,
868,0.4452979862689972,0.8616803288459778,,,,,,,
869,0.8135221004486084,0.7937824130058289,,,,,,,
870,0.5626463294029236,0.8510991334915161,,,,,,,
871,0.5975874066352844,0.8563734292984009,,,,,,,
872,0.5427564978599548,0.860232949256897,,,,,,,
873,0.5503225922584534,0.8415929079055786,,,,,,,
874,0.5767905116081238,0.8489154577255249,,,,,,,
875,0.48546329140663147,0.8710097670555115,,,,,,,
876,0.6167222261428833,0.8321364521980286,,,,,,,
877,0.47923505306243896,0.860232949256897,,,,,,,
878,0.6146607398986816,0.8488888740539551,,,,,,,
879,0.9688575863838196,0.7597461342811584,,,,,,,
880,0.6136633157730103,0.8389937281608582,,,,,,,
881,0.7158268690109253,0.8131394982337952,,,,,,,
882,0.20940542221069336,0.9404502511024475,,,,,,,
883,0.42914843559265137,0.881630003452301,,,,,,,
884,0.6324453949928284,0.8502235412597656,,,,,,,
885,0.4635970890522003,0.8671096563339233,,,,,,,
886,1.1754626035690308,0.7331691384315491,,,,,,,
887,0.6950821876525879,0.8263214826583862,,,,,,,
888,0.6713340282440186,0.8223938345909119,,,,,,,
889,1.9777685403823853,0.6189439296722412,,,,,,,
890,0.4226391315460205,0.8860580325126648,,,,,,,
891,0.5672183632850647,0.8455548286437988,,,,,,,
892,0.6447161436080933,0.8318890929222107,,,,,,,
893,0.5358573198318481,0.8554757833480835,,,,,,,
894,0.6065993905067444,0.852150559425354,,,,,,,
895,0.9575486183166504,0.7725752592086792,,,,,,,
896,0.43907439708709717,0.8770492076873779,,,,,,,
897,0.609168291091919,0.8391345143318176,,,,,,,
898,0.6331105828285217,0.848874568939209,,,,,,,
899,0.7806435227394104,0.8322957158088684,,,,,,,
900,0.8314722776412964,0.8014737963676453,,0.35329641741967804,0.8985313751668892,,,,
901,0.790902316570282,0.781566321849823,,,,,,,
902,0.7096286416053772,0.8128491640090942,,,,,,,
903,0.6582109332084656,0.8307086825370789,,,,,,,
904,0.591701090335846,0.8452380895614624,,,,,,,
905,0.6683555841445923,0.8260524272918701,,,,,,,
906,0.6174319386482239,0.8578947186470032,,,,,,,
907,0.7064269781112671,0.8271474242210388,,,,,,,
908,0.5871140360832214,0.8474913239479065,,,,,,,
909,0.5603697896003723,0.8689492344856262,,,,,,,
910,0.5056536793708801,0.854211688041687,,,,,,,
911,0.5285165309906006,0.8584905862808228,,,,,,,
912,0.9656273722648621,0.7846666574478149,,,,,,,
913,0.4803215563297272,0.8694596290588379,,,,,,,
914,0.4241311848163605,0.8860237002372742,,,,,,,
915,0.8985907435417175,0.7879604697227478,,,,,,,
916,0.7197009921073914,0.8325642943382263,,,,,,,
917,0.6524605751037598,0.8302925229072571,,,,,,,
918,0.4264826774597168,0.8803777694702148,,,,,,,
919,0.28819403052330017,0.9236860871315002,,,,,,,
920,0.40851521492004395,0.8906000852584839,,,,,,,
921,0.7911929488182068,0.8048780560493469,,,,,,,
922,0.6584432125091553,0.8112136125564575,,,,,,,
923,0.5107055902481079,0.8658654093742371,,,,,,,
924,0.553346574306488,0.8381240367889404,,,,,,,
925,2.1625683307647705,0.5530086159706116,,,,,,,
926,0.5420805811882019,0.8449931144714355,,,,,,,
927,0.6820597052574158,0.8261168599128723,,,,,,,
928,0.4132361114025116,0.8812430500984192,,,,,,,
929,0.7328770756721497,0.8027876615524292,,,,,,,
930,0.8622888326644897,0.8061839938163757,,,,,,,
931,0.6648837924003601,0.8247638940811157,,,,,,,
932,0.3266693949699402,0.9158496856689453,,,,,,,
933,0.5361580848693848,0.8571428656578064,,,,,,,
934,0.8462522625923157,0.7870256900787354,,,,,,,
935,0.6766947507858276,0.8452305793762207,,,,,,,
936,0.4168444275856018,0.8761062026023865,,,,,,,
937,0.47100186347961426,0.8696202635765076,,,,,,,
938,0.5103449821472168,0.8540540337562561,,,,,,,
939,0.5476928949356079,0.8548972010612488,,,,,,,
940,0.48252010345458984,0.8677007555961609,,,,,,,
941,0.3844376504421234,0.904033362865448,,,,,,,
942,0.9237139225006104,0.7977070808410645,,,,,,,
943,0.5224320888519287,0.8600543737411499,,,,,,,
944,0.657143771648407,0.8258706331253052,,,,,,,
945,0.6373699307441711,0.8308740258216858,,,,,,,
946,3.0133779048919678,0.4079737961292267,,,,,,,
947,0.589827835559845,0.8560277819633484,,,,,,,
948,0.43166396021842957,0.8861386179924011,,,,,,,
949,0.46181559562683105,0.8837675452232361,,,,,,,
950,0.43367987871170044,0.89022296667099,,,,,,,
951,0.566499650478363,0.8622221946716309,,,,,,,
952,0.7046177983283997,0.8319928646087646,,,,,,,
953,0.12818218767642975,0.969537615776062,,,,,,,
954,0.5421956181526184,0.8526375889778137,,,,,,,
955,0.73248690366745,0.8047473430633545,,,,,,,
956,0.7070421576499939,0.8128224015235901,,,,,,,
957,0.8937018513679504,0.7639620900154114,,,,,,,
958,0.4009152948856354,0.8923342227935791,,,,,,,
959,0.6364919543266296,0.834888756275177,,,,,,,
960,0.3936416208744049,0.8956443071365356,,,,,,,
961,0.3489893972873688,0.9023383855819702,,,,,,,
962,0.5827987790107727,0.837837815284729,,,,,,,
963,0.4338105022907257,0.874218225479126,,,,,,,
964,0.6781718134880066,0.8385360836982727,,,,,,,
965,0.5703861117362976,0.8343409895896912,,,,,,,
966,0.4000304341316223,0.8985791206359863,,,,,,,
967,0.4049495458602905,0.8673469424247742,,,,,,,
968,0.677060604095459,0.8267581462860107,,,,,,,
969,0.6867228746414185,0.818371593952179,,,,,,,
970,0.40193673968315125,0.8888888955116272,,,,,,,
971,0.43104663491249084,0.8860045075416565,,,,,,,
972,0.4376637637615204,0.8754385709762573,,,,,,,
973,0.5913550853729248,0.8289785981178284,,,,,,,
974,0.921062171459198,0.7749577164649963,,,,,,,
975,0.5287460684776306,0.8598021864891052,,,,,,,
976,0.44628411531448364,0.8430717587471008,,,,,,,
977,0.4402323365211487,0.8885496258735657,,,,,,,
978,0.3011520206928253,0.9257015585899353,,,,,,,
979,0.6641053557395935,0.8289251327514648,,,,,,,
980,0.40190407633781433,0.8909242153167725,,,,,,,
981,0.6170414090156555,0.848437488079071,,,,,,,
982,0.5490192770957947,0.8591426014900208,,,,,,,
983,0.541296124458313,0.8376865386962891,,,,,,,
984,0.6155782341957092,0.8339483141899109,,,,,,,
985,0.6704946160316467,0.8306846022605896,,,,,,,
986,0.629228413105011,0.8359497785568237,,,,,,,
987,0.41899213194847107,0.8840579986572266,,,,,,,
988,0.6379716992378235,0.8382353186607361,,,,,,,
989,0.49966293573379517,0.8757731914520264,,,,,,,
990,0.5413116812705994,0.861586332321167,,,,,,,
991,0.39038029313087463,0.901751697063446,,,,,,,
992,0.31848883628845215,0.9068692326545715,,,,,,,
993,1.3200420141220093,0.7168316841125488,,,,,,,
994,0.36235588788986206,0.8998035192489624,,,,,,,
995,0.5262718796730042,0.8680480122566223,,,,,,,
996,0.4149673283100128,0.8913412690162659,,,,,,,
997,0.8798487782478333,0.7873216271400452,,,,,,,
998,0.5348498225212097,0.8523809313774109,,,,,,,
999,0.42467641830444336,0.8777589201927185,,,,,,,
1000,0.5978906750679016,0.8493485450744629,,0.34877621964232564,0.9049657534246576,,,,
1001,0.40467822551727295,0.8974081873893738,,,,,,,
1002,0.643222987651825,0.8377609252929688,,,,,,,
1003,0.6483731865882874,0.8300570845603943,,,,,,,
1004,0.677685022354126,0.832524299621582,,,,,,,
1005,0.38634058833122253,0.8858381509780884,,,,,,,
1006,0.37303516268730164,0.889667272567749,,,,,,,
1007,0.5396797060966492,0.8488371968269348,,,,,,,
1008,0.30449309945106506,0.9107468128204346,,,,,,,
1009,0.555968701839447,0.847533643245697,,,,,,,
1010,0.5877101421356201,0.8440366983413696,,,,,,,
1011,0.6401178240776062,0.8347039222717285,,,,,,,
1012,0.29512161016464233,0.9093064665794373,,,,,,,
1013,0.5536458492279053,0.871921181678772,,,,,,,
1014,0.622114360332489,0.8501702547073364,,,,,,,
1015,0.5001714825630188,0.8567473888397217,,,,,,,
1016,0.48227718472480774,0.8878101110458374,,,,,,,
1017,0.5280934572219849,0.8659747242927551,,,,,,,
1018,0.5005162954330444,0.8476890921592712,,,,,,,
1019,0.6756366491317749,0.8263546824455261,,,,,,,
1020,0.6790414452552795,0.8298429250717163,,,,,,,
1021,0.6130653619766235,0.8319928646087646,,,,,,,
1022,0.4200320839881897,0.8765432238578796,,,,,,,
1023,0.5411627292633057,0.8639240264892578,,,,,,,
1024,0.5896207690238953,0.8663148880004883,,,,,0.576073910241566,0.8520686427457098,
1025,0.5009795427322388,0.868265688419342,,,,,,,
1026,0.09342647343873978,0.9778011441230774,,,,,,,
1027,0.6702020168304443,0.8248120546340942,,,,,,,
1028,0.4073046147823334,0.8820346593856812,,,,,,,
1029,0.5511468052864075,0.8531762957572937,,,,,,,
1030,0.5735979676246643,0.8621723055839539,,,,,,,
1031,0.35985609889030457,0.8929336071014404,,,,,,,
1032,0.4556516408920288,0.8728908896446228,,,,,,,
1033,0.5196658372879028,0.8451613187789917,,,,,,,
1034,0.5633112788200378,0.8450980186462402,,,,,,,
1035,0.7851659655570984,0.8028674125671387,,,,,,,
1036,0.5727337002754211,0.8513374328613281,,,,,,,
1037,0.42921146750450134,0.8837354183197021,,,,,,,
1038,0.7364439964294434,0.798734188079834,,,,,,,
1039,0.415094792842865,0.8745819330215454,,,,,,,
1040,0.5424063205718994,0.853210985660553,,,,,,,
1041,0.2827109098434448,0.9264844655990601,,,,,,,
1042,0.18106919527053833,0.9550337791442871,,,,,,,
1043,0.4349929988384247,0.8917682766914368,,,,,,,
1044,0.4424365162849426,0.8760285377502441,,,,,,,
1045,0.7129944562911987,0.8089430928230286,,,,,,,
1046,0.6054065227508545,0.8474404215812683,,,,,,,
1047,0.5255336761474609,0.8611111044883728,,,,,,,
1048,0.439388632774353,0.8604206442832947,,,,,,,
1049,0.5960057377815247,0.8388364911079407,,,,,,,
1050,0.4838145673274994,0.8727359175682068,,,,,,,
1051,0.5334032773971558,0.8539713621139526,,,,,,,
1052,0.7572962641716003,0.8018433451652527,,,,,,,
1053,0.31734925508499146,0.9041420221328735,,,,,,,
1054,0.8373752236366272,0.7813653349876404,,,,,,,
1055,0.3802138566970825,0.8992684483528137,,,,,,,
1056,1.3915462493896484,0.6974474191665649,,,,,,,
1057,0.571725070476532,0.8454774022102356,,,,,,,
1058,0.5538567304611206,0.8561983704566956,,,,,,,
1059,0.7293578386306763,0.836686372756958,,,,,,,
1060,0.5754080414772034,0.8473998308181763,,,,,,,
1061,0.5189855098724365,0.8641005754470825,,,,,,,
1062,0.649617075920105,0.8166403770446777,,,,,,,
1063,0.5588428974151611,0.8507235050201416,,,,,,,
1064,0.4790330231189728,0.8782991170883179,,,,,,,
1065,0.5382557511329651,0.8600847721099854,,,,,,,
1066,0.5121719837188721,0.868682324886322,,,,,,,
1067,0.34691834449768066,0.8902877569198608,,,,,,,
1068,0.7852248549461365,0.7978339195251465,,,,,,,
1069,0.5609302520751953,0.8363417387008667,,,,,,,
1070,0.3760465383529663,0.8902953863143921,,,,,,,
1071,0.8560967445373535,0.8028169274330139,,,,,,,
1072,0.3224170207977295,0.8999043703079224,,,,,,,
1073,0.5446970462799072,0.8591426014900208,,,,,,,
1074,0.6319854259490967,0.8497743606567383,,,,,,,
1075,0.5224931836128235,0.8634538054466248,,,,,,,
1076,0.4185115396976471,0.8866822719573975,,,,,,,
1077,0.3064793050289154,0.9093211889266968,,,,,,,
1078,0.528231143951416,0.8572752475738525,,,,,,,
1079,0.3200683891773224,0.8929336071014404,,,,,,,
1080,0.45531412959098816,0.8834720849990845,,,,,,,
1081,0.5846884846687317,0.8660130500793457,,,,,,,
1082,0.6337454915046692,0.8309012651443481,,,,,,,
1083,0.39911437034606934,0.8892182111740112,,,,,,,
1084,0.3335307240486145,0.9075607657432556,,,,,,,
1085,0.6685399413108826,0.8246913552284241,,,,,,,
1086,0.4502679407596588,0.8687499761581421,,,,,,,
1087,0.41949641704559326,0.8766778707504272,,,,,,,
1088,0.44256651401519775,0.8687635660171509,,,,,,,
1089,0.7496490478515625,0.8186304569244385,,,,,,,
1090,0.41403713822364807,0.8942148685455322,,,,,,,
1091,0.41205132007598877,0.8912037014961243,,,,,,,
1092,0.5070855617523193,0.8712121248245239,,,,,,,
1093,0.6117799282073975,0.8260375261306763,,,,,,,
1094,0.6539207100868225,0.8401234745979309,,,,,,,
1095,0.5055448412895203,0.8518518805503845,,,,,,,
1096,0.6453288793563843,0.835115373134613,,,,,,,
1097,0.5624072551727295,0.8528438210487366,,,,,,,
1098,0.7665140628814697,0.7977684736251831,,,,,,,
1099,0.5374073386192322,0.8410958647727966,,,,,,,
1100,0.47653114795684814,0.8714285492897034,,0.542408593693135,0.8462732919254659,,,,
1101,0.6698864102363586,0.8275862336158752,,,,,,,
1102,0.600971519947052,0.8514056205749512,,,,,,,
1103,0.4232647120952606,0.8637413382530212,,,,,,,
1104,0.6767824292182922,0.830633282661438,,,,,,,
1105,0.3465352952480316,0.9017254114151001,,,,,,,
1106,0.45570963621139526,0.8730964660644531,,,,,,,
1107,0.4546171724796295,0.8700873255729675,,,,,,,
1108,0.8199356198310852,0.7990942597389221,,,,,,,
1109,0.5445868968963623,0.8287197351455688,,,,,,,
1110,0.41954830288887024,0.8918518424034119,,,,,,,
1111,0.49598297476768494,0.8748639822006226,,,,,,,
1112,0.6097335815429688,0.8471986651420593,,,,,,,
1113,0.9011942744255066,0.8085277676582336,,,,,,,
1114,0.4559786021709442,0.8920570015907288,,,,,,,
1115,0.6264590620994568,0.8391777276992798,,,,,,,
1116,0.49027544260025024,0.8598574995994568,,,,,,,
1117,0.41253721714019775,0.8741258978843689,,,,,,,
1118,0.4958471655845642,0.856877326965332,,,,,,,
1119,0.5952613353729248,0.8404762148857117,,,,,,,
1120,0.6000116467475891,0.8424842357635498,,,,,,,
1121,0.42604321241378784,0.8726048469543457,,,,,,,
1122,0.514966607093811,0.8570716977119446,,,,,,,
1123,0.5374806523323059,0.859375,,,,,,,
1124,0.5995566844940186,0.8413407802581787,,,,,,,
1125,0.2895015776157379,0.909604549407959,,,,,,,
1126,0.6097159385681152,0.843120813369751,,,,,,,
1127,0.6348199248313904,0.8179430961608887,,,,,,,
1128,0.7204652428627014,0.850208044052124,,,,,,,
1129,0.6893784403800964,0.8341307640075684,,,,,,,
1130,0.7126064896583557,0.8042168617248535,,,,,,,
1131,0.5784161686897278,0.8471196293830872,,,,,,,
1132,0.5253109335899353,0.8593073487281799,,,,,,,
1133,0.4795244336128235,0.8621323704719543,,,,,,,
1134,1.1074285507202148,0.7825875282287598,,,,,,,
1135,1.1139506101608276,0.7318894863128662,,,,,,,
1136,0.4141686260700226,0.8833333253860474,,,,,,,
1137,0.30891847610473633,0.9137930870056152,,,,,,,
1138,0.29535573720932007,0.9093369245529175,,,,,,,
1139,0.7202312350273132,0.8116089701652527,,,,,,,
1140,0.373442679643631,0.9056240320205688,,,,,,,
1141,0.6518133282661438,0.8313252925872803,,,,,,,
1142,0.6306502819061279,0.8393574357032776,,,,,,,
1143,0.7973474264144897,0.792432427406311,,,,,,,
1144,0.3864763081073761,0.894413411617279,,,,,,,
1145,0.31780990958213806,0.9083837270736694,,,,,,,
1146,0.5755733847618103,0.8499317765235901,,,,,,,
1147,0.32407310605049133,0.9031413793563843,,,,,,,
1148,0.49935683608055115,0.8602150678634644,,,,,,,
1149,0.46936163306236267,0.8776943683624268,,,,,,,
1150,0.5869803428649902,0.8327322006225586,,,,,,,
1151,0.2967231571674347,0.909305989742279,,,,,,,
1152,0.7266793251037598,0.812053918838501,,,,,,,
1153,0.4440792202949524,0.8730420470237732,,,,,,,
1154,0.6294644474983215,0.8377216458320618,,,,,,,
1155,0.450125515460968,0.8739669322967529,,,,,,,
1156,0.5077548623085022,0.8870779871940613,,,,,,,
1157,0.643633246421814,0.8309859037399292,,,,,,,
1158,2.022709608078003,0.6181924939155579,,,,,,,
1159,0.5388044118881226,0.8606159090995789,,,,,,,
1160,0.42765986919403076,0.8888888955116272,,,,,,,
1161,0.6848228573799133,0.8295549750328064,,,,,,,
1162,0.6712527275085449,0.8412451148033142,,,,,,,
1163,0.3121607005596161,0.9128094911575317,,,,,,,
1164,0.2933744192123413,0.9222303628921509,,,,,,,
1165,0.6033907532691956,0.8546366095542908,,,,,,,
1166,0.6710054278373718,0.8276199698448181,,,,,,,
1167,0.7436237335205078,0.800000011920929,,,,,,,
1168,0.5471081137657166,0.8433476686477661,,,,,,,
1169,0.5509899854660034,0.8563074469566345,,,,,,,
1170,0.4736270606517792,0.8829516768455505,,,,,,,
1171,0.41756486892700195,0.8912354707717896,,,,,,,
1172,0.7399519085884094,0.8277734518051147,,,,,,,
1173,0.7097280621528625,0.8219988346099854,,,,,,,
1174,0.5431454181671143,0.8634538054466248,,,,,,,
1175,0.39505887031555176,0.8945578336715698,,,,,,,
1176,0.38519376516342163,0.8915776014328003,,,,,,,
1177,0.5764705538749695,0.8416699767112732,,,,,,,
1178,0.5060241222381592,0.8546218276023865,,,,,,,
1179,0.42812222242355347,0.8846153616905212,,,,,,,
1180,0.5384384393692017,0.8525046110153198,,,,,,,
1181,0.40219688415527344,0.8856971859931946,,,,,,,
1182,0.3394205868244171,0.913654625415802,,,,,,,
1183,0.2977233827114105,0.9125295281410217,,,,,,,
1184,0.4452023208141327,0.881118893623352,,,,,,,
1185,0.4389600157737732,0.8872031569480896,,,,,,,
1186,0.7636905908584595,0.8056206107139587,,,,,,,
1187,0.5416141152381897,0.8597285151481628,,,,,,,
1188,0.5893948674201965,0.8466359972953796,,,,,,,
1189,0.539121687412262,0.8553370833396912,,,,,,,
1190,0.699367880821228,0.8064066767692566,,,,,,,
1191,0.3786167800426483,0.8905742168426514,,,,,,,
1192,0.5046928524971008,0.8618784546852112,,,,,,,
1193,0.4880163073539734,0.8660185933113098,,,,,,,
1194,0.37793755531311035,0.8990553021430969,,,,,,,
1195,0.5102368593215942,0.868043839931488,,,,,,,
1196,0.4357679784297943,0.8840864300727844,,,,,,,
1197,0.47197428345680237,0.8657314777374268,,,,,,,
1198,0.4998007118701935,0.8567054271697998,,,,,,,
1199,0.51784348487854,0.8480538725852966,,,,,,,
1200,0.5377606153488159,0.8555286526679993,,0.6853287910503116,0.8351548269581056,,,,
1201,1.799217700958252,0.6116504669189453,,,,,,,
1202,0.6432974338531494,0.8417266011238098,,,,,,,
1203,0.5557574033737183,0.8527885675430298,,,,,,,
1204,0.6543775200843811,0.8304213881492615,,,,,,,
1205,0.3966711461544037,0.892914891242981,,,,,,,
1206,0.4444027841091156,0.8806896805763245,,,,,,,
1207,0.7880235910415649,0.788203775882721,,,,,,,
1208,0.6524433493614197,0.8364672660827637,,,,,,,
1209,0.7951058745384216,0.7933933734893799,,,,,,,
1210,0.8745448589324951,0.7772594690322876,,,,,,,
1211,0.5252964496612549,0.8673312664031982,,,,,,,
1212,0.46687471866607666,0.879784345626831,,,,,,,
1213,0.3524184226989746,0.9068182110786438,,,,,,,
1214,0.7136943340301514,0.8188585638999939,,,,,,,
1215,0.39516863226890564,0.8898601531982422,,,,,,,
1216,0.6263468861579895,0.845055341720581,,,,,,,
1217,0.4163195490837097,0.8837144374847412,,,,,,,
1218,0.5523111820220947,0.8557214140892029,,,,,,,
1219,0.47762325406074524,0.8663911819458008,,,,,,,
1220,0.7099323868751526,0.8354176878929138,,,,,,,
1221,0.9553468823432922,0.7731239199638367,,,,,,,
1222,0.3572121262550354,0.8896484375,,,,,,,
1223,0.41691920161247253,0.8956781029701233,,,,,,,
1224,0.32331952452659607,0.9135410189628601,,,,,,,
1225,0.557036817073822,0.8513146042823792,,,,,,,
1226,0.41007909178733826,0.8976268172264099,,,,,,,
1227,2.373734712600708,0.527191698551178,,,,,,,
1228,0.39034879207611084,0.8987447619438171,,,,,,,
1229,0.38953274488449097,0.8834080696105957,,,,,,,
1230,0.5299468040466309,0.8485523462295532,,,,,,,
1231,0.5863803029060364,0.8431975245475769,,,,,,,
1232,1.0675371885299683,0.7658321261405945,,,,,,,
1233,0.5275465846061707,0.8595106601715088,,,,,,,
1234,0.6635302901268005,0.8256325721740723,,,,,,,
1235,0.32982224225997925,0.9026764035224915,,,,,,,
1236,0.8166406154632568,0.8118749856948853,,,,,,,
1237,0.42556890845298767,0.8852364420890808,,,,,,,
1238,0.6810129880905151,0.8325387239456177,,,,,,,
1239,0.37690436840057373,0.8912596106529236,,,,,,,
1240,0.33000078797340393,0.909221887588501,,,,,,,
1241,0.34715068340301514,0.8916308879852295,,,,,,,
1242,0.5653058886528015,0.8329979777336121,,,,,,,
1243,0.5866876840591431,0.8382541537284851,,,,,,,
1244,0.4107469916343689,0.8714523911476135,,,,,,,
1245,0.5499745011329651,0.8461538553237915,,,,,,,
1246,0.41718748211860657,0.8819724917411804,,,,,,,
1247,0.3309789299964905,0.9037036895751953,,,,,,,
1248,0.2967653274536133,0.9248648881912231,,,,,,,
1249,0.5652444958686829,0.8421940803527832,,,,,,,
1250,0.3232228457927704,0.9063829779624939,,,,,,,
1251,0.5247006416320801,0.8620198965072632,,,,,,,
1252,0.52583247423172,0.8514522910118103,,,,,,,
1253,0.7508860230445862,0.8149717450141907,,,,,,,
1254,0.39816686511039734,0.8995956778526306,,,,,,,
1255,0.7640908360481262,0.8329097628593445,,,,,,,
1256,0.1597532331943512,0.9570680856704712,,,,,,,
1257,0.48556455969810486,0.8661037683486938,,,,,,,
1258,0.4562889635562897,0.8799076080322266,,,,,,,
1259,0.5680060386657715,0.8292682766914368,,,,,,,
1260,0.3441725969314575,0.8949301838874817,,,,,,,
1261,0.5739678740501404,0.8450528979301453,,,,,,,
1262,0.8198195099830627,0.7968843579292297,,,,,,,
1263,0.4814640283584595,0.8598290681838989,,,,,,,
1264,0.3381166458129883,0.9086792469024658,,,,,,,
1265,0.553493082523346,0.8636060953140259,,,,,,,
1266,0.4232644736766815,0.8831003904342651,,,,,,,
1267,0.33860188722610474,0.9066495895385742,,,,,,,
1268,0.42326414585113525,0.8834483027458191,,,,,,,
1269,0.37049952149391174,0.8927202820777893,,,,,,,
1270,0.1842934936285019,0.9441035985946655,,,,,,,
1271,0.3966447114944458,0.8910936713218689,,,,,,,
1272,0.5858771204948425,0.861907958984375,,,,,,,
1273,0.8264651894569397,0.8065078258514404,,,,,,,
1274,0.32229265570640564,0.9082278609275818,,,,,,,
1275,0.5270452499389648,0.8567041754722595,,,,,,,
1276,0.5151528120040894,0.8623188138008118,,,,,,,
1277,0.7971377372741699,0.8205705881118774,,,,,,,
1278,0.37785065174102783,0.8978300094604492,,,,,,,
1279,0.437583863735199,0.8802099227905273,,,,,,,
1280,0.4472043514251709,0.8647058606147766,,,,,,,
1281,0.6367390155792236,0.8271135091781616,,,,,,,
1282,0.6399855613708496,0.8253333568572998,,,,,,,
1283,0.3750758469104767,0.8940338492393494,,,,,,,
1284,0.5008201003074646,0.8695651888847351,,,,,,,
1285,0.5096889138221741,0.8658161163330078,,,,,,,
1286,0.5026931762695312,0.8606856465339661,,,,,,,
1287,0.40636706352233887,0.8839854598045349,,,,,,,
1288,0.33471477031707764,0.9136000275611877,,,,,,,
1289,0.69617760181427,0.8280193209648132,,,,,,,
1290,0.3834553062915802,0.892988920211792,,,,,,,
1291,0.4008297324180603,0.893203854560852,,,,,,,
1292,0.4386218190193176,0.8746618628501892,,,,,,,
1293,0.5201812982559204,0.8501026630401611,,,,,,,
1294,0.2832696735858917,0.9115281701087952,,,,,,,
1295,0.6488771438598633,0.8093769550323486,,,,,,,
1296,0.41600337624549866,0.8894914984703064,,,,,,,
1297,0.37337931990623474,0.8907889723777771,,,,,,,
1298,0.692406952381134,0.8090490698814392,,,,,,,
1299,0.6961283087730408,0.806186854839325,,,,,,,
1300,0.33509084582328796,0.8956742882728577,,0.38473658324366783,0.8868778280542986,,,,
1301,0.49663978815078735,0.8598881959915161,,,,,,,
1302,0.44651907682418823,0.8677936792373657,,,,,,,
1303,0.4042584002017975,0.8874139785766602,,,,,,,
1304,0.5614798069000244,0.8427983522415161,,,,,,,
1305,0.5564002394676208,0.8638888597488403,,,,,,,
1306,0.5419821739196777,0.8552971482276917,,,,,,,
1307,0.5774370431900024,0.8451156616210938,,,,,,,
1308,0.4307176172733307,0.8780487775802612,,,,,,,
1309,0.4253289997577667,0.8963941335678101,,,,,,,
1310,0.5253894329071045,0.8556111454963684,,,,,,,
1311,0.6314806342124939,0.82914137840271,,,,,,,
1312,0.5486276149749756,0.8571428656578064,,,,,,,
1313,0.32256102561950684,0.898876428604126,,,,,,,
1314,0.5027090907096863,0.86993008852005,,,,,,,
1315,0.6394184827804565,0.8369330167770386,,,,,,,
1316,0.5621353983879089,0.8444055914878845,,,,,,,
1317,0.7041317224502563,0.8465530276298523,,,,,,,
1318,0.6518669128417969,0.8509554266929626,,,,,,,
1319,0.6272140741348267,0.8301198482513428,,,,,,,
1320,0.22955696284770966,0.9286821484565735,,,,,,,
1321,0.8824747204780579,0.790960431098938,,,,,,,
1322,0.5334629416465759,0.8664193153381348,,,,,,,
1323,0.3384101986885071,0.9130027890205383,,,,,,,
1324,0.4321712851524353,0.8901273608207703,,,,,,,
1325,0.4595036506652832,0.8712394833564758,,,,,,,
1326,0.709398627281189,0.8276643753051758,,,,,,,
1327,0.3413839042186737,0.9065138697624207,,,,,,,
1328,0.41249874234199524,0.8892018795013428,,,,,,,
1329,0.4816742241382599,0.8695035576820374,,,,,,,
1330,0.5332785248756409,0.8523573279380798,,,,,,,
1331,0.28049150109291077,0.9175557494163513,,,,,,,
1332,0.5505180954933167,0.8543140292167664,,,,,,,
1333,0.45711737871170044,0.8672605752944946,,,,,,,
1334,2.1348602771759033,0.5753604173660278,,,,,,,
1335,0.6328074932098389,0.834962010383606,,,,,,,
1336,0.8673261404037476,0.7669122815132141,,,,,,,
1337,0.44431397318840027,0.8704274892807007,,,,,,,
1338,0.7911560535430908,0.8071397542953491,,,,,,,
1339,0.5114745497703552,0.8626883029937744,,,,,,,
1340,0.4339469373226166,0.8847365975379944,,,,,,,
1341,0.5118928551673889,0.8563015460968018,,,,,,,
1342,0.35325613617897034,0.9046920537948608,,,,,,,
1343,0.5699645280838013,0.8444722294807434,,,,,,,
1344,0.39288130402565,0.8979739546775818,,,,,,,
1345,0.6098654270172119,0.8326221108436584,,,,,,,
1346,0.23455750942230225,0.9292716979980469,,,,,,,
1347,0.6926330327987671,0.8306851983070374,,,,,,,
1348,0.7515556216239929,0.811097264289856,,,,,,,
1349,0.5239982008934021,0.8732224106788635,,,,,,,
1350,0.5763779282569885,0.8314960598945618,,,,,,,
1351,0.5174788236618042,0.8535484075546265,,,,,,,
1352,0.6195223331451416,0.8423076868057251,,,,,,,
1353,0.7309198379516602,0.8178191781044006,,,,,,,
1354,1.3793224096298218,0.6962059736251831,,,,,,,
1355,0.4532252550125122,0.8775662779808044,,,,,,,
1356,0.5445831418037415,0.8631484508514404,,,,,,,
1357,0.7453908324241638,0.8003876209259033,,,,,,,
1358,0.5539767742156982,0.8557214140892029,,,,,,,
1359,0.30214592814445496,0.9154589176177979,,,,,,,
1360,0.33809542655944824,0.9039062261581421,,,,,,,
1361,0.8928394317626953,0.7827380895614624,,,,,,,
1362,0.42315754294395447,0.8679050803184509,,,,,,,
1363,0.6237475275993347,0.8483189940452576,,,,,,,
1364,0.623480498790741,0.8362652063369751,,,,,,,
1365,0.37503570318222046,0.8987921476364136,,,,,,,
1366,0.2967264652252197,0.9160387516021729,,,,,,,
1367,0.4335469901561737,0.8784688711166382,,,,,,,
1368,0.7372468113899231,0.8163900375366211,,,,,,,
1369,0.5929223895072937,0.8313856720924377,,,,,,,
1370,0.530482828617096,0.8712731003761292,,,,,,,
1371,0.5329879522323608,0.8686782717704773,,,,,,,
1372,0.4885416030883789,0.8696202635765076,,,,,,,
1373,0.4531780183315277,0.86583012342453,,,,,,,
1374,0.41928771138191223,0.8793296217918396,,,,,,,
1375,3.0837602615356445,0.39512932300567627,,,,,,,
1376,0.4335004389286041,0.8756957054138184,,,,,,,
1377,0.6535252332687378,0.8284251093864441,,,,,,,
1378,0.26073965430259705,0.9162561297416687,,,,,,,
1379,0.5110531449317932,0.8633705377578735,,,,,,,
1380,0.7921667695045471,0.8183943629264832,,,,,,,
1381,0.5336640477180481,0.8575498461723328,,,,,,,
1382,0.46728515625,0.8692688941955566,,,,,,,
1383,0.7214106321334839,0.8236824870109558,,,,,,,
1384,0.546409010887146,0.8545224666595459,,,,,,,
1385,0.780363917350769,0.8108108043670654,,,,,,,
1386,0.5333067774772644,0.8519619703292847,,,,,,,
1387,0.5785626173019409,0.844953179359436,,,,,,,
1388,0.7379021048545837,0.8093220591545105,,,,,,,
1389,0.5357903242111206,0.8615528345108032,,,,,,,
1390,0.8973230719566345,0.8108484148979187,,,,,,,
1391,0.3949698805809021,0.8761062026023865,,,,,,,
1392,1.36237370967865,0.709406852722168,,,,,,,
1393,0.36527198553085327,0.8877118825912476,,,,,,,
1394,2.1977312564849854,0.5536641478538513,,,,,,,
1395,0.5592172741889954,0.8552703261375427,,,,,,,
1396,0.5744808316230774,0.8484013080596924,,,,,,,
1397,0.584190845489502,0.8760186433792114,,,,,,,
1398,0.8023142218589783,0.8045356273651123,,,,,,,
1399,0.4105784595012665,0.9069631099700928,,,,,,,
1400,0.35532987117767334,0.90625,,0.7100950410802396,0.8245702730030333,,,,
1401,0.7948150038719177,0.7830923199653625,,,,,,,
1402,0.44288361072540283,0.8815028667449951,,,,,,,
1403,0.5184918642044067,0.8561019897460938,,,,,,,
1404,0.3080786466598511,0.9142857193946838,,,,,,,
1405,0.7369145750999451,0.8023159503936768,,,,,,,
1406,0.4342290461063385,0.8808823823928833,,,,,,,
1407,0.5208883881568909,0.880984365940094,,,,,,,
1408,0.4016995429992676,0.8815028667449951,,,,,,,
1409,0.3477023243904114,0.8991981744766235,,,,,,,
1410,0.47347140312194824,0.8670774698257446,,,,,,,
1411,0.7354627251625061,0.811855673789978,,,,,,,
1412,0.6336776614189148,0.8680850863456726,,,,,,,
1413,0.5055011510848999,0.8686920404434204,,,,,,,
1414,0.5018023252487183,0.8659217953681946,,,,,,,
1415,0.303885817527771,0.9002078771591187,,,,,,,
1416,0.34922486543655396,0.9030206799507141,,,,,,,
1417,0.5217452645301819,0.8608136773109436,,,,,,,
1418,0.5340850949287415,0.8590254187583923,,,,,,,
1419,0.44458287954330444,0.8869385719299316,,,,,,,
1420,0.5228346586227417,0.8574699759483337,,,,,,,
1421,0.29155978560447693,0.9250416159629822,,,,,,,
1422,0.11799657344818115,0.9685362577438354,,,,,,,
1423,0.4762386083602905,0.8723683953285217,,,,,,,
1424,0.38065043091773987,0.9015969038009644,,,,,,,
1425,0.3988223075866699,0.8854271173477173,,,,,,,
1426,0.6308260560035706,0.8438438177108765,,,,,,,
1427,0.4058184027671814,0.8931297659873962,,,,,,,
1428,0.4570253789424896,0.8780918717384338,,,,,,,
1429,0.4819656014442444,0.87242591381073,,,,,,,
1430,0.3484081029891968,0.9076600074768066,,,,,,,
1431,0.6854120492935181,0.8340380787849426,,,,,,,
1432,0.561578094959259,0.8638995885848999,,,,,,,
1433,0.6102178692817688,0.8466124534606934,,,,,,,
1434,0.44055062532424927,0.8870967626571655,,,,,,,
1435,0.48777061700820923,0.8675861954689026,,,,,,,
1436,0.7732906937599182,0.8070009350776672,,,,,,,
1437,0.49349597096443176,0.8631240129470825,,,,,,,
1438,0.5409324765205383,0.8542056083679199,,,,,,,
1439,0.5423675179481506,0.8611339330673218,,,,,,,
1440,0.9042242169380188,0.7998220920562744,,,,,,,
1441,0.6860901117324829,0.8202806711196899,,,,,,,
1442,0.49737241864204407,0.875,,,,,,,
1443,0.5479039549827576,0.8626652956008911,,,,,,,
1444,0.2965778708457947,0.915562093257904,,,,,,,
1445,0.5705713033676147,0.8681408762931824,,,,,,,
1446,0.3882720172405243,0.8938053250312805,,,,,,,
1447,0.40662723779678345,0.8968325853347778,,,,,,,
1448,0.7842419147491455,0.8088012337684631,,,,,,,
1449,0.7403889894485474,0.8423153758049011,,,,,,,
1450,0.5227010846138,0.8597663044929504,,,,,,,
1451,0.4051624834537506,0.8925970792770386,,,,,,,
1452,0.6537148356437683,0.8266574740409851,,,,,,,
1453,0.6193655133247375,0.8405720591545105,,,,,,,
1454,0.294344037771225,0.9110378623008728,,,,,,,
1455,1.436847448348999,0.6932367086410522,,,,,,,
1456,0.6072697043418884,0.8419913649559021,,,,,,,
1457,0.4999196231365204,0.8612716794013977,,,,,,,
1458,0.4583275020122528,0.869238018989563,,,,,,,
1459,0.49273669719696045,0.8704062104225159,,,,,,,
1460,0.7853435277938843,0.800537645816803,,,,,,,
1461,0.4326300323009491,0.8804847598075867,,,,,,,
1462,0.8818349242210388,0.8047752976417542,,,,,,,
1463,0.38791701197624207,0.8874700665473938,,,,,,,
1464,0.5260887145996094,0.8659716844558716,,,,,,,
1465,0.3228846788406372,0.9100169539451599,,,,,,,
1466,0.6239816546440125,0.8319159746170044,,,,,,,
1467,0.3892451822757721,0.8896551728248596,,,,,,,
1468,0.5119069814682007,0.8341968655586243,,,,,,,
1469,0.3835587501525879,0.8981571197509766,,,,,,,
1470,0.6584362983703613,0.8269326686859131,,,,,,,
1471,0.46078380942344666,0.8741168975830078,,,,,,,
1472,0.48958149552345276,0.8735178112983704,,,,,,,
1473,0.304782509803772,0.9170467853546143,,,,,,,
1474,0.7628011107444763,0.8073394298553467,,,,,,,
1475,0.1142328679561615,0.9678493738174438,,,,,,,
1476,0.5783434510231018,0.8524734973907471,,,,,,,
1477,0.40599313378334045,0.8969484567642212,,,,,,,
1478,0.42019447684288025,0.8811880946159363,,,,,,,
1479,1.4753913879394531,0.6675291061401367,,,,,,,
1480,0.48078206181526184,0.8717391490936279,,,,,,,
1481,0.25659066438674927,0.9214659929275513,,,,,,,
1482,0.3585096597671509,0.8969298005104065,,,,,,,
1483,0.3944092094898224,0.8887545466423035,,,,,,,
1484,0.5770750045776367,0.8477103114128113,,,,,,,
1485,0.3872835040092468,0.8889722228050232,,,,,,,
1486,0.5611367225646973,0.8491803407669067,,,,,,,
1487,0.5231903791427612,0.8464849591255188,,,,,,,
1488,0.44535452127456665,0.8854166865348816,,,,,,,
1489,0.667530357837677,0.8155339956283569,,,,,,,
1490,0.25905245542526245,0.9225806593894958,,,,,,,
1491,0.6004496216773987,0.861267626285553,,,,,,,
1492,0.5159779787063599,0.8579301834106445,,,,,,,
1493,0.3205927908420563,0.9104477763175964,,,,,,,
1494,0.35122352838516235,0.9102228283882141,,,,,,,
1495,0.5351248979568481,0.8585526347160339,,,,,,,
1496,0.8867773413658142,0.8052095174789429,,,,,,,
1497,0.35036519169807434,0.9041322469711304,,,,,,,
1498,0.49053114652633667,0.8757061958312988,,,,,,,
1499,0.38458654284477234,0.8981562852859497,,,,,,,
1500,0.40411391854286194,0.9008333086967468,,0.7367473201127136,0.8148614609571788,,,,
1501,0.4815307855606079,0.8654855489730835,,,,,,,
1502,0.48453405499458313,0.8692771196365356,,,,,,,
1503,0.5637820363044739,0.8550264835357666,,,,,,,
1504,0.6014328598976135,0.8360360264778137,,,,,,,
1505,0.37605801224708557,0.9037266969680786,,,,,,,
1506,0.4089706838130951,0.8964980840682983,,,,,,,
1507,0.42423680424690247,0.883108913898468,,,,,,,
1508,0.355806827545166,0.9027946591377258,,,,,,,
1509,0.5658112168312073,0.8633540272712708,,,,,,,
1510,0.2947298586368561,0.9076005816459656,,,,,,,
1511,0.5919139981269836,0.8342497944831848,,,,,,,
1512,0.2922334671020508,0.9163298010826111,,,,,,,
1513,0.7592257857322693,0.8084577322006226,,,,,,,
1514,0.541151762008667,0.8746196031570435,,,,,,,
1515,0.7010268568992615,0.8098891973495483,,,,,,,
1516,0.5705366730690002,0.8486171960830688,,,,,,,
1517,0.6055493950843811,0.8381962776184082,,,,,,,
1518,0.5215423703193665,0.8667240142822266,,,,,,,
1519,0.526675820350647,0.8541774749755859,,,,,,,
1520,0.53775954246521,0.8764045238494873,,,,,,,
1521,0.7672832608222961,0.8174123167991638,,,,,,,
1522,2.2600619792938232,0.5505961775779724,,,,,,,
1523,0.7421335577964783,0.7817810773849487,,,,,,,
1524,0.40977874398231506,0.8953568935394287,,,,,,,
1525,0.44645488262176514,0.8991898894309998,,,,,,,
1526,0.49523383378982544,0.8758170008659363,,,,,,,
1527,0.8454829454421997,0.7878939509391785,,,,,,,
1528,0.7190564274787903,0.8080931901931763,,,,,,,
1529,1.1192386150360107,0.7377892136573792,,,,,,,
1530,0.6124541163444519,0.8465152978897095,,,,,,,
1531,0.4554477334022522,0.8822270035743713,,,,,,,
1532,0.8060062527656555,0.8280960917472839,,,,,,,
1533,0.5795456171035767,0.8314814567565918,,,,,,,
1534,0.47584933042526245,0.8591628670692444,,,,,,,
1535,0.40378737449645996,0.8839137554168701,,0.570230763322216,0.8467796610169491,,0.5696852145619028,0.8539531981279251,
